{
  "best_val_loss": 1.4405450820922852,
  "best_val_acc": 0.45185185185185184,
  "test_loss": 1.4158140191325435,
  "test_acc": 0.44814814814814813,
  "class_names": [
    "Crazing",
    "Inclusion",
    "Patches",
    "Pitted_Surface",
    "Rolled-in_Scale",
    "Scratches"
  ],
  "classification_report": {
    "Crazing": {
      "precision": 0.4444444444444444,
      "recall": 0.17777777777777778,
      "f1-score": 0.25396825396825395,
      "support": 45.0
    },
    "Inclusion": {
      "precision": 0.3,
      "recall": 0.06666666666666667,
      "f1-score": 0.10909090909090909,
      "support": 45.0
    },
    "Patches": {
      "precision": 0.6666666666666666,
      "recall": 0.6222222222222222,
      "f1-score": 0.6436781609195402,
      "support": 45.0
    },
    "Pitted_Surface": {
      "precision": 0.375,
      "recall": 0.6666666666666666,
      "f1-score": 0.48,
      "support": 45.0
    },
    "Rolled-in_Scale": {
      "precision": 0.4266666666666667,
      "recall": 0.7111111111111111,
      "f1-score": 0.5333333333333333,
      "support": 45.0
    },
    "Scratches": {
      "precision": 0.4444444444444444,
      "recall": 0.4444444444444444,
      "f1-score": 0.4444444444444444,
      "support": 45.0
    },
    "accuracy": 0.44814814814814813,
    "macro avg": {
      "precision": 0.4428703703703703,
      "recall": 0.4481481481481482,
      "f1-score": 0.4107525169594135,
      "support": 270.0
    },
    "weighted avg": {
      "precision": 0.44287037037037036,
      "recall": 0.44814814814814813,
      "f1-score": 0.4107525169594135,
      "support": 270.0
    }
  },
  "confusion_matrix": [
    [
      8,
      2,
      4,
      23,
      8,
      0
    ],
    [
      0,
      3,
      0,
      5,
      18,
      19
    ],
    [
      1,
      0,
      28,
      16,
      0,
      0
    ],
    [
      2,
      2,
      4,
      30,
      3,
      4
    ],
    [
      3,
      2,
      3,
      3,
      32,
      2
    ],
    [
      4,
      1,
      3,
      3,
      14,
      20
    ]
  ],
  "resolved_data_dir": "data"
}