{
  "best_val_loss": 1.499306309664691,
  "best_val_acc": 0.4185185185185185,
  "test_loss": 1.4956729376757587,
  "test_acc": 0.3814814814814815,
  "class_names": [
    "Crazing",
    "Inclusion",
    "Patches",
    "Pitted_Surface",
    "Rolled-in_Scale",
    "Scratches"
  ],
  "classification_report": {
    "Crazing": {
      "precision": 0.5,
      "recall": 0.24444444444444444,
      "f1-score": 0.3283582089552239,
      "support": 45.0
    },
    "Inclusion": {
      "precision": 0.0,
      "recall": 0.0,
      "f1-score": 0.0,
      "support": 45.0
    },
    "Patches": {
      "precision": 0.48214285714285715,
      "recall": 0.6,
      "f1-score": 0.5346534653465347,
      "support": 45.0
    },
    "Pitted_Surface": {
      "precision": 0.4,
      "recall": 0.6222222222222222,
      "f1-score": 0.48695652173913045,
      "support": 45.0
    },
    "Rolled-in_Scale": {
      "precision": 0.25925925925925924,
      "recall": 0.15555555555555556,
      "f1-score": 0.19444444444444445,
      "support": 45.0
    },
    "Scratches": {
      "precision": 0.3157894736842105,
      "recall": 0.6666666666666666,
      "f1-score": 0.42857142857142855,
      "support": 45.0
    },
    "accuracy": 0.3814814814814815,
    "macro avg": {
      "precision": 0.32619859834772114,
      "recall": 0.3814814814814815,
      "f1-score": 0.32883067817612704,
      "support": 270.0
    },
    "weighted avg": {
      "precision": 0.3261985983477212,
      "recall": 0.3814814814814815,
      "f1-score": 0.32883067817612704,
      "support": 270.0
    }
  },
  "confusion_matrix": [
    [
      11,
      0,
      8,
      18,
      3,
      5
    ],
    [
      0,
      0,
      0,
      5,
      7,
      33
    ],
    [
      3,
      0,
      27,
      13,
      2,
      0
    ],
    [
      1,
      0,
      5,
      28,
      1,
      10
    ],
    [
      6,
      0,
      12,
      3,
      7,
      17
    ],
    [
      1,
      0,
      4,
      3,
      7,
      30
    ]
  ],
  "resolved_data_dir": "data"
}